Workbook

Sheet Лист1
C2: 1-nazariy | D2: 2-nazariy | E2: 1 | F2: 2 | G2: 3 | H2: 4 | I2: 5 | J2: 6 | K2: 7 | L2: 8 | M2: 9 | N2: 10 | O2: Umumiy ball | P2: O'rin (yordamchi)
A3: 1 | B3: Keldiyev Fayozbek | C3: 5 | D3: 7 | E3: 4 | F3: 5 | G3: 5 | H3: 2 | I3: 6 | J3: 4 | K3: 2 | L3: 0 | M3: 1 | N3: 1 | O3: =SUM(C3:N3) -> 42 | P3: =COUNTIF($O$3:$O$11,">"&O3)+COUNTIF($O$3:O3,O3) -> 1
A4: 2 | B4: Azizov Diyorbek | C4: 3 | D4: 2 | E4: 4 | F4: 5 | G4: 1 | H4: 2 | I4: 2 | J4: 2 | K4: 0 | L4: 3 | M4: 10 | N4: 3 | O4: =SUM(C4:N4) -> 37 | P4: =COUNTIF($O$3:$O$11,">"&O4)+COUNTIF($O$3:O4,O4) -> 2
A5: 3 | B5: Joldasbaev Shaxrux | C5: 3 | D5: 2 | E5: 5 | F5: 5 | G5: 1 | H5: 2 | I5: 6 | J5: 2 | K5: 1 | L5: 3 | M5: 0 | N5: 0 | O5: =SUM(C5:N5) -> 30 | P5: =COUNTIF($O$3:$O$11,">"&O5)+COUNTIF($O$3:O5,O5) -> 3
A6: 4 | B6: Eshbaev Miyirbek | C6: 1 | D6: 0 | E6: 1 | F6: 5 | G6: 6 | H6: 2 | I6: 2 | J6: 5 | K6: 2 | L6: 3 | M6: 1 | N6: 0 | O6: =SUM(C6:N6) -> 28 | P6: =COUNTIF($O$3:$O$11,">"&O6)+COUNTIF($O$3:O6,O6) -> 4
A7: 5 | B7: Pardayev Maxsudbek | C7: 3 | D7: 2 | E7: 0 | F7: 2 | G7: 1 | H7: 2 | I7: 2 | J7: 5 | K7: 0 | L7: 1 | M7: 9 | N7: 1 | O7: =SUM(C7:N7) -> 28 | P7: =COUNTIF($O$3:$O$11,">"&O7)+COUNTIF($O$3:O7,O7) -> 5
A8: 6 | B8: Olimboyev Mirjalol | C8: 4 | D8: 3 | E8: 3 | F8: 5 | G8: 0 | H8: 2 | I8: 6 | J8: 2 | K8: 1 | L8: 0 | M8: 1 | N8: 0 | O8: =SUM(C8:N8) -> 27 | P8: =COUNTIF($O$3:$O$11,">"&O8)+COUNTIF($O$3:O8,O8) -> 6
A9: 7 | B9: Bo'riyev Mirzoxid | C9: 0 | D9: 0 | E9: 1 | F9: 1 | G9: 2 | H9: 2 | I9: 3 | J9: 2 | K9: 0 | L9: 0 | M9: 1 | N9: 0 | O9: =SUM(C9:N9) -> 12 | P9: =COUNTIF($O$3:$O$11,">"&O9)+COUNTIF($O$3:O9,O9) -> 7
A10: 8 | B10: Ismatov Dilshodbek | C10: 2 | D10: 0 | E10: 1 | F10: 0 | G10: 2 | H10: 0 | I10: 0 | J10: 6 | K10: 0 | L10: 0 | M10: 0 | N10: 0 | O10: =SUM(C10:N10) -> 11 | P10: =COUNTIF($O$3:$O$11,">"&O10)+COUNTIF($O$3:O10,O10) -> 8
A11: 9 | B11: Bo'riqulov Botir | C11: 0 | D11: 0 | E11: 0 | F11: 5 | G11: 0 | H11: 2 | I11: 0 | J11: 2 | K11: 0 | L11: 0 | M11: 1 | N11: 0 | O11: =SUM(C11:N11) -> 10 | P11: =COUNTIF($O$3:$O$11,">"&O11)+COUNTIF($O$3:O11,O11) -> 9

Sheet Reyting
C2: =Лист1!C2 -> 1-nazariy | D2: =Лист1!D2 -> 2-nazariy | E2: =Лист1!E2 -> 1 | F2: =Лист1!F2 -> 2 | G2: =Лист1!G2 -> 3 | H2: =Лист1!H2 -> 4 | I2: =Лист1!I2 -> 5 | J2: =Лист1!J2 -> 6 | ... O2: =Лист1!O2 -> Umumiy ball
A3: 1 | B3: =INDEX(Лист1!B$3:B$11,MATCH($A3,Лист1!$P$3:$P$11,0)) -> Keldiyev Fayozbek | C3: =INDEX(Лист1!C$3:C$11,MATCH($A3,Лист1!$P$3:$P$11,0)) -> 5 | D3: =INDEX(Лист1!D$3:D$11,MATCH($A3,Лист1!$P$3:$P$11,0)) -> 7 | E3: =INDEX(Лист1!E$3:E$11,MATCH($A3,Лист1!$P$3:$P$11,0)) -> 4 | F3: =INDEX(Лист1!F$3:F$11,MATCH($A3,Лист1!$P$3:$P$11,0)) -> 5 | G3: =INDEX(Лист1!G$3:G$11,MATCH($A3,Лист1!$P$3:$P$11,0)) -> 5 | H3: =INDEX(Лист1!H$3:H$11,MATCH($A3,Лист1!$P$3:$P$11,0)) -> 2 | I3: =INDEX(Лист1!I$3:I$11,MATCH($A3,Лист1!$P$3:$P$11,0)) -> 6 | ... O3: =INDEX(Лист1!O$3:O$11,MATCH($A3,Лист1!$P$3:$P$11,0)) -> 42
A4: 2 | B4: =INDEX(Лист1!B$3:B$11,MATCH($A4,Лист1!$P$3:$P$11,0)) -> Azizov Diyorbek | C4: =INDEX(Лист1!C$3:C$11,MATCH($A4,Лист1!$P$3:$P$11,0)) -> 3 | D4: =INDEX(Лист1!D$3:D$11,MATCH($A4,Лист1!$P$3:$P$11,0)) -> 2 | E4: =INDEX(Лист1!E$3:E$11,MATCH($A4,Лист1!$P$3:$P$11,0)) -> 4 | F4: =INDEX(Лист1!F$3:F$11,MATCH($A4,Лист1!$P$3:$P$11,0)) -> 5 | G4: =INDEX(Лист1!G$3:G$11,MATCH($A4,Лист1!$P$3:$P$11,0)) -> 1 | H4: =INDEX(Лист1!H$3:H$11,MATCH($A4,Лист1!$P$3:$P$11,0)) -> 2 | I4: =INDEX(Лист1!I$3:I$11,MATCH($A4,Лист1!$P$3:$P$11,0)) -> 2 | ... O4: =INDEX(Лист1!O$3:O$11,MATCH($A4,Лист1!$P$3:$P$11,0)) -> 37
A5: 3 | B5: =INDEX(Лист1!B$3:B$11,MATCH($A5,Лист1!$P$3:$P$11,0)) -> Joldasbaev Shaxrux | C5: =INDEX(Лист1!C$3:C$11,MATCH($A5,Лист1!$P$3:$P$11,0)) -> 3 | D5: =INDEX(Лист1!D$3:D$11,MATCH($A5,Лист1!$P$3:$P$11,0)) -> 2 | E5: =INDEX(Лист1!E$3:E$11,MATCH($A5,Лист1!$P$3:$P$11,0)) -> 5 | F5: =INDEX(Лист1!F$3:F$11,MATCH($A5,Лист1!$P$3:$P$11,0)) -> 5 | G5: =INDEX(Лист1!G$3:G$11,MATCH($A5,Лист1!$P$3:$P$11,0)) -> 1 | H5: =INDEX(Лист1!H$3:H$11,MATCH($A5,Лист1!$P$3:$P$11,0)) -> 2 | I5: =INDEX(Лист1!I$3:I$11,MATCH($A5,Лист1!$P$3:$P$11,0)) -> 6 | ... O5: =INDEX(Лист1!O$3:O$11,MATCH($A5,Лист1!$P$3:$P$11,0)) -> 30
A6: 4 | B6: =INDEX(Лист1!B$3:B$11,MATCH($A6,Лист1!$P$3:$P$11,0)) -> Eshbaev Miyirbek | C6: =INDEX(Лист1!C$3:C$11,MATCH($A6,Лист1!$P$3:$P$11,0)) -> 1 | D6: =INDEX(Лист1!D$3:D$11,MATCH($A6,Лист1!$P$3:$P$11,0)) -> 0 | E6: =INDEX(Лист1!E$3:E$11,MATCH($A6,Лист1!$P$3:$P$11,0)) -> 1 | F6: =INDEX(Лист1!F$3:F$11,MATCH($A6,Лист1!$P$3:$P$11,0)) -> 5 | G6: =INDEX(Лист1!G$3:G$11,MATCH($A6,Лист1!$P$3:$P$11,0)) -> 6 | H6: =INDEX(Лист1!H$3:H$11,MATCH($A6,Лист1!$P$3:$P$11,0)) -> 2 | I6: =INDEX(Лист1!I$3:I$11,MATCH($A6,Лист1!$P$3:$P$11,0)) -> 2 | ... O6: =INDEX(Лист1!O$3:O$11,MATCH($A6,Лист1!$P$3:$P$11,0)) -> 28
A7: 5 | B7: =INDEX(Лист1!B$3:B$11,MATCH($A7,Лист1!$P$3:$P$11,0)) -> Pardayev Maxsudbek | C7: =INDEX(Лист1!C$3:C$11,MATCH($A7,Лист1!$P$3:$P$11,0)) -> 3 | D7: =INDEX(Лист1!D$3:D$11,MATCH($A7,Лист1!$P$3:$P$11,0)) -> 2 | E7: =INDEX(Лист1!E$3:E$11,MATCH($A7,Лист1!$P$3:$P$11,0)) -> 0 | F7: =INDEX(Лист1!F$3:F$11,MATCH($A7,Лист1!$P$3:$P$11,0)) -> 2 | G7: =INDEX(Лист1!G$3:G$11,MATCH($A7,Лист1!$P$3:$P$11,0)) -> 1 | H7: =INDEX(Лист1!H$3:H$11,MATCH($A7,Лист1!$P$3:$P$11,0)) -> 2 | I7: =INDEX(Лист1!I$3:I$11,MATCH($A7,Лист1!$P$3:$P$11,0)) -> 2 | ... O7: =INDEX(Лист1!O$3:O$11,MATCH($A7,Лист1!$P$3:$P$11,0)) -> 28
A8: 6 | B8: =INDEX(Лист1!B$3:B$11,MATCH($A8,Лист1!$P$3:$P$11,0)) -> Olimboyev Mirjalol | C8: =INDEX(Лист1!C$3:C$11,MATCH($A8,Лист1!$P$3:$P$11,0)) -> 4 | D8: =INDEX(Лист1!D$3:D$11,MATCH($A8,Лист1!$P$3:$P$11,0)) -> 3 | E8: =INDEX(Лист1!E$3:E$11,MATCH($A8,Лист1!$P$3:$P$11,0)) -> 3 | F8: =INDEX(Лист1!F$3:F$11,MATCH($A8,Лист1!$P$3:$P$11,0)) -> 5 | G8: =INDEX(Лист1!G$3:G$11,MATCH($A8,Лист1!$P$3:$P$11,0)) -> 0 | H8: =INDEX(Лист1!H$3:H$11,MATCH($A8,Лист1!$P$3:$P$11,0)) -> 2 | I8: =INDEX(Лист1!I$3:I$11,MATCH($A8,Лист1!$P$3:$P$11,0)) -> 6 | ... O8: =INDEX(Лист1!O$3:O$11,MATCH($A8,Лист1!$P$3:$P$11,0)) -> 27
A9: 7 | B9: =INDEX(Лист1!B$3:B$11,MATCH($A9,Лист1!$P$3:$P$11,0)) -> Bo'riyev Mirzoxid | C9: =INDEX(Лист1!C$3:C$11,MATCH($A9,Лист1!$P$3:$P$11,0)) -> 0 | D9: =INDEX(Лист1!D$3:D$11,MATCH($A9,Лист1!$P$3:$P$11,0)) -> 0 | E9: =INDEX(Лист1!E$3:E$11,MATCH($A9,Лист1!$P$3:$P$11,0)) -> 1 | F9: =INDEX(Лист1!F$3:F$11,MATCH($A9,Лист1!$P$3:$P$11,0)) -> 1 | G9: =INDEX(Лист1!G$3:G$11,MATCH($A9,Лист1!$P$3:$P$11,0)) -> 2 | H9: =INDEX(Лист1!H$3:H$11,MATCH($A9,Лист1!$P$3:$P$11,0)) -> 2 | I9: =INDEX(Лист1!I$3:I$11,MATCH($A9,Лист1!$P$3:$P$11,0)) -> 3 | ... O9: =INDEX(Лист1!O$3:O$11,MATCH($A9,Лист1!$P$3:$P$11,0)) -> 12
A10: 8 | B10: =INDEX(Лист1!B$3:B$11,MATCH($A10,Лист1!$P$3:$P$11,0)) -> Ismatov Dilshodbek | C10: =INDEX(Лист1!C$3:C$11,MATCH($A10,Лист1!$P$3:$P$11,0)) -> 2 | D10: =INDEX(Лист1!D$3:D$11,MATCH($A10,Лист1!$P$3:$P$11,0)) -> 0 | E10: =INDEX(Лист1!E$3:E$11,MATCH($A10,Лист1!$P$3:$P$11,0)) -> 1 | F10: =INDEX(Лист1!F$3:F$11,MATCH($A10,Лист1!$P$3:$P$11,0)) -> 0 | G10: =INDEX(Лист1!G$3:G$11,MATCH($A10,Лист1!$P$3:$P$11,0)) -> 2 | H10: =INDEX(Лист1!H$3:H$11,MATCH($A10,Лист1!$P$3:$P$11,0)) -> 0 | I10: =INDEX(Лист1!I$3:I$11,MATCH($A10,Лист1!$P$3:$P$11,0)) -> 0 | ... O10: =INDEX(Лист1!O$3:O$11,MATCH($A10,Лист1!$P$3:$P$11,0)) -> 11
A11: 9 | B11: =INDEX(Лист1!B$3:B$11,MATCH($A11,Лист1!$P$3:$P$11,0)) -> Bo'riqulov Botir | C11: =INDEX(Лист1!C$3:C$11,MATCH($A11,Лист1!$P$3:$P$11,0)) -> 0 | D11: =INDEX(Лист1!D$3:D$11,MATCH($A11,Лист1!$P$3:$P$11,0)) -> 0 | E11: =INDEX(Лист1!E$3:E$11,MATCH($A11,Лист1!$P$3:$P$11,0)) -> 0 | F11: =INDEX(Лист1!F$3:F$11,MATCH($A11,Лист1!$P$3:$P$11,0)) -> 5 | G11: =INDEX(Лист1!G$3:G$11,MATCH($A11,Лист1!$P$3:$P$11,0)) -> 0 | H11: =INDEX(Лист1!H$3:H$11,MATCH($A11,Лист1!$P$3:$P$11,0)) -> 2 | I11: =INDEX(Лист1!I$3:I$11,MATCH($A11,Лист1!$P$3:$P$11,0)) -> 0 | ... O11: =INDEX(Лист1!O$3:O$11,MATCH($A11,Лист1!$P$3:$P$11,0)) -> 10
